id;grade;age;motivation;
1;2,2;19;5;
2;1,5;20;5;
3;2;19;5;
4;4,2;18;5;
5;2,5;17;4;
6;2,7;15;5;
7;3,5;17;3;
8;1,6;20;4;
9;3,8;19;3;
10;1,1;21;5;
11;3,3;15;5;
12;1,2;15;3;
13;2,6;17;5;
14;3,1;18;5;
15;2,5;18;5;
16;2,9;17;4;
17;2,4;20;5;
18;4,6;22;4;
19;3,8;17;5;
20;3;18;5;
21;1,5;18;4;
22;2,9;17;5;
23;2,6;21;5;
24;1,6;18;5;
25;2,6;19;2;
26;3,5;17;5;
27;2,6;18;5;
28;2,7;17;5;
29;3,3;20;3;
30;3,6;16;4;
31;2,6;18;3;
32;3,1;17;3;
33;2,7;20;4;
34;2,9;20;4;
35;1,7;18;5;
36;4,3;19;5;
37;0,8;19;1;
38;2,3;18;5;
39;2,1;20;4;
40;4,8;16;5;
41;2,7;18;5;
42;4;18;5;
43;1,1;17;4;
44;2,9;15;5;
45;1,4;17;4;
46;2,3;18;2;
47;0,9;19;5;
48;3,3;17;3;
49;1,2;16;4;
50;2,2;20;4;
51;2,3;16;3;
52;2,7;15;3;
53;2,9;18;5;
54;2,1;16;5;
55;0;17;3;
56;2,8;21;5;
57;1,8;18;5;
58;1,9;21;5;
59;3,566544292;18;5;
60;2,9;21;5;
61;2,9;17;5;
62;1,1;21;3;
63;2,9;17;5;
64;1,2;16;4;
65;2,5;20;5;
66;2,4;22;5;
67;1,9;20;5;
68;3,3;15;5;
69;2,9;15;4;
70;2,1;21;3;
71;2,9;18;5;
72;3,2;16;1;
73;3,3;15;5;
74;1,9;17;4;
75;3,8;18;5;
76;1,6;17;5;
77;2,6;16;5;
78;2,6;18;5;
79;1;17;5;
80;2,8;18;5;
81;3,1;20;5;
82;2;19;5;
83;2,7;18;5;
84;2,9;18;4;
85;1;20;5;
86;1,7;20;5;
87;2,7;17;3;
88;2,1;21;3;
89;2,8;20;5;
90;3,8;16;1;
91;2,1;20;2;
92;2;16;5;
93;2,7;22;5;
94;2,9;20;5;
95;1;16;5;
96;1,3;19;5;
97;3,1;17;5;
98;3,8;18;2;
99;3,6;15;5;
100;3,6;18;4;
101;1,6;19;3;
102;3,6;19;3;
103;1,6;18;2;
104;1,1;16;5;
105;2,6;21;3;
106;2;16;5;
107;2,1;20;4;
108;1,8;16;5;
109;2,8;22;4;
110;1,8;22;3;
111;4;15;5;
112;4,1;20;4;
113;1,5;16;5;
114;3,1;18;4;
115;3,5;19;5;
116;2,5;22;3;
117;1,1;18;5;
118;3,3;17;5;
119;3,5;18;1;
120;0,6;21;5;
121;0,7;19;4;
122;2,5;16;3;
123;2;19;5;
124;3,4;20;5;
125;1,8;17;5;
126;3,8;18;4;
127;2,3;17;5;
128;2,3;18;5;
129;1,6;20;5;
130;1,3;19;3;
131;1,8;18;5;
132;0,6;18;5;
133;3,5;16;5;
134;0,6;17;4;
135;3,6;20;4;
136;3,3;17;5;
137;2,6;19;5;
138;1,1;16;5;
139;3,4;18;5;
140;4,3;16;4;
141;3,8;18;4;
142;3;21;5;
143;3,7;16;5;
144;2,7;20;1;
145;2,4;20;5;
146;3,1;19;5;
147;2,5;16;5;
148;2,5;21;4;
149;2,2;19;4;
150;2,4;23;2;
151;3,7;16;5;
152;1,9;18;4;
153;3,3;20;1;
154;0,9;16;5;
155;0,8;19;5;
156;3;15;3;
157;3,1;19;5;
158;2,6;15;5;
159;2,2;19;5;
160;3,2;17;4;
161;1,8;18;4;
162;2,6;19;5;
163;1,2;17;5;
164;3,6;16;5;
165;2,5;16;5;
166;2,4;19;3;
167;3,5;21;4;
168;3,1;17;1;
169;0,5;20;5;
170;1,1;16;4;
171;2,6;17;5;
172;1,4;16;5;
173;2,1;18;3;
174;3;21;5;
175;2,6;17;4;
176;1,5;17;3;
177;0,9;17;2;
178;0,6;18;4;
179;1,7;16;4;
180;3,3;16;5;
181;0,6;18;5;
182;0,7;17;5;
183;1,5;17;2;
184;4,1;17;3;
185;2,5;15;4;
186;2,9;18;5;
187;2,1;21;5;
188;2;19;5;
189;1,6;22;1;
190;4;19;4;
191;1,8;17;5;
192;3,8;18;4;
193;3;18;5;
194;1,9;15;2;
195;2,7;19;5;
196;3,2;16;5;
197;2,6;19;4;
198;1;15;1;
199;1,4;17;5;
200;1,1;19;5;
201;2;17;5;
202;3,9;18;4;
203;3,2;19;5;
204;2,7;16;4;
205;0,1;16;5;
206;1,5;18;3;
207;2,9;17;5;
208;3,1;17;4;
209;1,3;21;5;
210;2,9;22;4;
211;0;22;4;
212;1,9;20;4;
213;1,3;16;5;
214;1,9;18;3;
215;1,5;16;5;
216;4,2;20;5;
217;1,9;16;2;
218;1,4;23;5;
219;2,6;19;5;
220;2,8;18;2;
221;2,4;21;5;
222;1,9;20;5;
223;2,6;18;4;
224;1,7;19;5;
225;2,4;18;2;
226;1,7;21;5;
227;0,9;18;4;
228;4,7;20;5;
229;4,1;17;4;
230;3,7;20;5;
231;3,1;21;5;
232;2,7;21;5;
233;2,3;18;5;
234;1,6;16;2;
235;2,4;21;5;
236;3,1;19;5;
237;2,9;21;5;
238;1,7;16;5;
239;2,3;20;5;
240;2,8;18;5;
241;1,5;18;1;
242;1,7;16;2;
243;2,7;16;5;
244;0,5;20;4;
245;3,1;19;4;
246;3,4;21;5;
247;2,7;18;3;
248;4,3;22;5;
249;2,1;17;2;
250;1,9;15;5;
251;1,7;19;5;
252;2,5;16;2;
253;2,6;19;1;
254;3;21;4;
255;3,4;18;5;
256;1,3;16;5;
257;1,7;17;5;
258;2,6;18;5;
259;2;19;4;
260;2,8;15;5;
261;0,9;18;4;
262;3,9;19;5;
263;2;21;4;
264;3,6;18;2;
265;2,2;16;2;
266;1,9;17;3;
267;3,3;20;1;
268;3,7;20;5;
269;2,4;18;3;
270;2,6;19;3;
271;4,1;17;5;
272;2,4;21;4;
273;1,2;17;3;
274;0,9;16;5;
275;1,8;20;3;
276;3,6;19;5;
277;0,5;19;5;
278;1,8;19;4;
279;3,323219788;19;5;
280;4,1;21;5;
281;3,3;22;5;
282;3,2;17;4;
283;4,2;15;2;
284;2,5;17;4;
285;3,1;20;4;
286;1,2;17;4;
287;1,6;18;4;
288;2,4;21;5;
289;2,8;20;5;
290;1,8;18;5;
291;1,8;19;5;
292;3,4;15;4;
293;3,6;18;5;
294;1,6;16;5;
295;2,4;21;2;
296;0,5;17;5;
297;1,6;16;5;
298;2,7;19;5;
299;0,4;16;4;
300;3,3;17;3;
301;2,9;15;5;
302;0,2;17;5;
303;1,2;17;4;
304;3,2;22;3;
305;2,9;20;3;
306;1,6;22;5;
307;1,9;19;4;
308;2,9;16;5;
309;3,2;17;2;
310;3,5;17;3;
311;4,2;18;4;
312;3,1;16;5;
313;2,1;16;5;
314;1,7;16;5;
315;3,2;18;5;
316;2,9;18;5;
317;1,8;18;5;
318;3,7;19;4;
319;3,3;16;5;
320;4;17;4;
321;1,5;19;4;
322;0,3;18;5;
323;1,6;20;5;
324;3,5;17;5;
325;2,4;17;4;
326;2,4;15;4;
327;3,4;18;5;
328;2,1;20;5;
329;0,9;19;5;
330;3,5;17;5;
331;3;21;4;
332;2,2;22;2;
333;3,1;21;5;
334;3,6;21;5;
335;2,9;17;5;
336;2,9;15;3;
337;2,3;20;5;
338;2,5;18;5;
339;3,3;18;5;
340;0,8;17;5;
341;1,7;16;3;
342;2;18;5;
343;0,3;18;1;
344;2,6;18;2;
345;2,7;22;2;
346;4,6;18;1;
347;3,4;21;5;
348;4,1;18;3;
349;3,6;19;3;
350;1,6;15;3;
351;4,6;16;3;
352;2,6;17;4;
353;1,5;19;1;
354;3,1;18;5;
355;0,4;18;5;
356;0,8;18;5;
357;1,7;17;5;
358;0,9;16;5;
359;2,3;18;4;
360;2,3;17;5;
361;2,1;19;4;
362;3;17;5;
363;3,5;22;3;
364;1,5;17;4;
365;3,1;16;5;
366;1,5;17;5;
367;0,286904781;15;3;
368;2,7;20;3;
369;3,2;19;5;
370;2,8;18;5;
371;3;19;4;
372;3,8;21;5;
373;2,4;20;5;
374;3,7;25;5;
375;1,3;19;3;
376;4,8;17;4;
377;1,8;16;5;
378;1,6;18;5;
379;1,2;16;4;
380;2,5;20;3;
381;3,3;16;5;
382;1,4;18;5;
383;2,9;16;4;
384;0,1;24;5;
385;3,1;22;4;
386;3,8;18;5;
387;2,7;18;5;
388;2,5;18;2;
389;4,4;21;4;
390;2;15;5;
391;2,2;17;5;
392;2,7;20;2;
393;2,4;21;3;
394;1,7;15;1;
395;1,7;16;2;
396;1,9;22;4;
397;2,8;18;2;
398;2,4;17;4;
399;3,8;19;3;
400;0,9;20;4;
401;2;16;1;
402;2,7;19;5;
403;2,6;18;5;
404;1,8;18;4;
405;2,3;18;3;
406;2,7;17;1;
407;2;20;4;
408;2,8;18;5;
409;3,5;18;1;
410;2,1;18;5;
411;1,8;20;3;
412;1,3;17;5;
413;2,2;15;5;
414;2;21;4;
415;5;18;3;
416;3,3;17;5;
417;0,7;15;2;
418;1,6;18;5;
419;2,7;19;5;
420;3;17;3;
421;3,7;18;5;
422;2,7;19;5;
423;3,1;19;5;
424;4,3;21;1;
425;2,5;21;3;
426;3,4;17;2;
427;3,5;16;3;
428;1,6;19;5;
429;2,5;15;4;
430;3,3;17;3;
431;2,3;17;5;
432;0,9;16;5;
433;3,2;18;5;
434;2,8;19;5;
435;2,4;18;5;
436;3,5;17;4;
437;1,7;17;5;
438;2,7;20;4;
439;1,2;20;5;
440;1,2;22;3;
441;2,3;16;4;
442;3,6;20;4;
443;2;17;5;
444;3,4;20;4;
445;3,4;16;4;
446;2,9;19;3;
447;1,6;22;5;
448;3,9;17;4;
449;1,4;18;2;
450;3,5;17;2;
451;3,7;16;5;
452;2,5;19;3;
453;2,7;19;5;
454;3,1;15;5;
455;2,1;16;3;
456;3,2;22;4;
457;1,1;17;4;
458;2,3;21;5;
459;4,1;25;5;
460;1,9;16;5;
461;4,3;17;5;
462;3;18;3;
463;4,5;18;5;
464;1,8;20;5;
465;4,1;20;5;
466;2,1;18;4;
467;2,4;16;5;
468;2,4;20;5;
469;0,1;18;4;
470;2,2;19;4;
471;2,8;18;5;
472;3,1;16;4;
473;2,3;17;4;
474;1,7;22;1;
475;1,7;18;4;
476;2,6;19;3;
477;3,3;16;3;
478;3,1;21;5;
479;1,4;22;2;
480;1,3;20;4;
481;2,9;19;4;
482;2,2;18;4;
483;2,4;17;2;
484;2,9;16;4;
485;1,7;17;4;
486;1,6;17;5;
487;3,2;16;4;
488;2,1;18;4;
489;1,1;19;5;
490;2,4;19;5;
491;1,6;15;2;
492;2,1;15;5;
493;4,4;21;5;
494;3,4;20;3;
495;3,2;16;4;
496;2,3;16;1;
497;3,6;15;5;
498;1,8;18;3;
499;3;19;5;
500;2,5;19;5;
501;4,2;20;4;
502;0,7;19;5;
503;3,2;18;2;
504;1,6;23;2;
505;4;23;5;
506;3,3;16;2;
507;4,4;17;5;
508;2,1;16;4;
509;4;17;5;
510;2,9;23;5;
511;1,4;15;4;
512;0,6;18;3;
513;1,5;19;5;
514;1,2;20;4;
515;4;20;4;
516;2,3;17;4;
517;3,9;22;5;
518;1,8;21;2;
519;3,3;18;4;
520;3;21;5;
521;2,9;20;3;
522;3,7;15;2;
523;1,9;22;4;
524;2,8;19;4;
525;2,5;20;4;
526;2;18;4;
527;3,7;16;4;
528;2,4;18;5;
529;1,9;18;4;
530;3,2;19;5;
531;4,6;18;4;
532;2,7;18;5;
533;2;15;5;
534;3,6;20;5;
535;2,4;19;3;
536;2,4;16;3;
537;2,3;15;5;
538;4,4;18;2;
539;1,5;21;2;
540;2,5;22;5;
541;2,2;17;1;
542;1,3;19;5;
543;2,8;18;5;
544;1,6;18;3;
545;3,6;22;5;
546;2,1;20;3;
547;1;16;5;
548;1,7;19;5;
549;1,6;17;3;
550;1,4;17;4;
551;2,5;18;5;
552;1,4;21;5;
553;1,7;19;4;
554;1,4;16;5;
555;1,6;18;4;
556;2,9;18;5;
557;4,1;18;5;
558;2,4;19;5;
559;4,5;18;3;
560;1;16;4;
561;3,3;17;4;
562;1,4;24;4;
563;2,8;18;5;
564;1,2;16;5;
565;2,2;16;5;
566;1,1;19;5;
567;0,9;20;4;
568;3,3;18;4;
569;2,5;18;5;
570;2,5;18;4;
571;3,4;16;3;
572;3,1;22;5;
573;2,4;18;2;
574;2,7;18;5;
575;2,5;17;2;
576;4,8;18;4;
577;1,8;20;5;
578;4,6;17;4;
579;3,2;22;5;
580;1,4;17;5;
581;2,7;16;3;
582;2,3;16;5;
583;0,6;17;5;
584;2,7;17;5;
585;3,4;16;2;
586;1,7;23;4;
587;1,5;16;5;
588;2,2;17;1;
589;4,1;20;5;
590;2,9;19;2;
591;2,7;17;5;
592;2,1;17;5;
593;1,7;17;3;
594;3,4;22;4;
595;2,3;17;5;
596;2,5;18;1;
597;2;17;5;
598;1,9;20;5;
599;3,3;18;5;
600;1,7;16;5;
601;2,1;15;5;
602;2,1;20;4;
603;2,3;20;5;
604;3;17;4;
605;3,7;19;4;
606;2,4;18;5;
607;2,3;22;1;
608;1,6;18;5;
609;3,3;18;5;
610;1,7;18;5;
611;2;20;2;
612;2,4;19;4;
613;2;17;4;
614;2,8;22;5;
615;2,4;19;5;
616;2,4;20;2;
617;2,8;16;5;
618;4,8;18;5;
619;2,5;18;1;
620;1,4;18;2;
621;4,1;16;2;
622;4,1;20;1;
623;4,4;22;5;
624;3,5;17;5;
625;2,6;20;5;
626;2,4;18;4;
627;2,7;18;5;
628;1,5;16;5;
629;1,9;20;5;
630;3,3;16;1;
631;2,9;19;5;
632;2,7;17;5;
633;1,7;18;1;
634;1,9;22;5;
635;3,3;15;2;
636;2,6;16;5;
637;3,5;18;4;
638;2,7;16;3;
639;2,7;18;4;
640;1;17;5;
641;3,2;17;5;
642;4;15;5;
643;1;17;3;
644;1,9;20;1;
645;4,9;21;5;
646;2,9;16;4;
647;2,9;17;5;
648;3,9;20;5;
649;1,2;20;5;
650;3,9;19;1;
651;2,7;18;5;
652;4;15;5;
653;3;18;5;
654;2,7;18;5;
655;1,5;19;5;
656;2,5;19;5;
657;2,4;19;3;
658;4,6;17;5;
659;1,9;17;5;
660;2,7;15;5;
661;3,9;17;4;
662;1,3;19;5;
663;0,7;20;4;
664;2,9;17;5;
665;1,5;19;5;
666;3;22;1;
667;3,5;18;5;
668;2,3;17;5;
669;4,4;18;4;
670;3;18;3;
671;3,4;16;4;
672;2,9;20;5;
673;2,5;19;3;
674;3,1;18;5;
675;2;21;5;
676;4,3;19;5;
677;2,3;18;5;
678;3,1;17;4;
679;1;20;5;
680;2,1;18;5;
681;1,2;17;5;
682;1,8;21;5;
683;4,5;21;3;
684;1;20;5;
685;1,7;20;5;
686;0,2;18;5;
687;3,8;16;5;
688;2,5;17;3;
689;1,7;17;5;
690;2,4;17;5;
691;2,2;22;3;
692;3;15;5;
693;3,2;22;5;
694;1,5;19;2;
695;1,9;18;3;
696;1,5;18;3;
697;2,8;16;4;
698;3,5;18;1;
699;1,4;18;2;
700;1,6;19;5;
701;1,4;20;5;
702;2,2;15;1;
703;1,5;18;2;
704;3,3;17;5;
705;0,9;19;4;
706;2,1;17;4;
707;2,3;20;5;
708;3,5;15;2;
709;0,8;15;5;
710;2,2;17;5;
711;2;18;4;
712;0,8;16;5;
713;4,7;21;4;
714;2,1;18;5;
715;4,1;21;4;
716;3;15;4;
717;2,6;15;5;
718;1,5;16;5;
719;3,3;17;3;
720;2,4;16;2;
721;1;20;5;
722;2,6;18;5;
723;2,5;23;4;
724;2,7;19;1;
725;2,9;20;2;
726;3,4;16;2;
727;1,3;16;2;
728;3,2;17;5;
729;3,2;19;4;
730;1,6;16;4;
731;3;15;5;
732;3,5;17;4;
733;1,5;16;1;
734;1,9;16;2;
735;2,6;19;5;
736;3,4;17;5;
737;1,2;21;4;
738;1,7;16;3;
739;3,1;20;4;
740;3,2;17;4;
741;2,1;18;4;
742;1,3;17;3;
743;2,1;23;4;
744;1,8;19;4;
745;2,7;16;4;
746;3;16;4;
747;1,9;20;5;
748;2,1;17;5;
749;2,3;17;5;
750;1;17;2;
751;3,8;18;5;
752;4;18;5;
753;1,5;20;3;
754;3;16;4;
755;2,5;18;3;
756;2,8;19;3;
757;2,5;15;1;
758;2,8;19;5;
759;2,3;21;5;
760;0,9;16;5;
761;3,9;17;3;
762;2,2;17;5;
763;3,1;19;4;
764;2;18;5;
765;2,9;18;3;
766;4,3;20;5;
767;0,7;17;4;
768;2;19;4;
769;1,6;17;5;
770;2,6;17;4;
771;1,9;19;5;
772;3,1;20;5;
773;1,5;20;2;
774;2,2;17;5;
775;3,7;20;5;
776;2;19;5;
777;2,4;18;5;
778;2,1;16;5;
779;3,7;19;2;
780;3,8;19;5;
781;2;16;3;
782;2,1;20;5;
783;5;21;5;
784;2,5;18;5;
785;2;16;1;
786;2,5;20;1;
787;4,3;17;3;
788;1,5;19;5;
789;2,7;20;3;
790;2,5;20;5;
791;4;21;3;
792;2,3;19;4;
793;1,8;19;1;
794;1,1;19;5;
795;3,4;17;5;
796;1;19;1;
797;1,3;21;2;
798;3,4;17;1;
799;2,4;21;3;
800;4,1;21;5;
801;2,5;18;5;
802;1,5;16;1;
803;2,4;17;4;
804;3;21;3;
805;1,9;17;5;
806;2,2;19;1;
807;2,6;19;5;
808;2,2;19;4;
809;2,7;18;4;
810;2,1;18;3;
811;1,2;18;2;
812;2,9;17;4;
813;3;16;4;
814;3,9;18;5;
815;0,1;16;5;
816;1,6;16;5;
817;2,6;20;5;
818;2,9;18;3;
819;1,3;16;5;
820;2,5;16;4;
821;3,7;18;4;
822;3,9;19;5;
823;2,6;18;4;
824;2,8;20;5;
825;1,9;16;5;
826;3,2;17;5;
827;4;16;4;
828;3,1;15;5;
829;4;21;5;
830;3,3;16;5;
831;4,1;16;5;
832;2,7;19;3;
833;3,3;19;3;
834;3,5;20;4;
835;1,2;19;5;
836;2,8;15;4;
837;2,7;18;4;
838;1,1;17;5;
839;1,8;18;4;
840;2,5;16;4;
841;4,4;18;4;
842;4;18;5;
843;2,3;16;1;
844;3,7;16;3;
845;3,7;17;4;
846;2,5;17;4;
847;1,3;18;1;
848;3,8;20;4;
849;3;16;3;
850;2,6;16;3;
851;2;17;4;
852;1,4;17;5;
853;2,6;16;3;
854;2,3;18;1;
855;1,3;17;2;
856;4,8;19;5;
857;2,3;16;5;
858;2,7;15;2;
859;2,5;17;2;
860;1,8;21;3;
861;4,4;20;1;
862;1,4;16;3;
863;2,5;15;4;
864;2,6;19;5;
865;3,9;16;2;
866;1,5;16;3;
867;2;16;5;
868;1,8;22;4;
869;1,1;22;4;
870;2,6;18;3;
871;1,2;15;3;
872;2,2;17;5;
873;2,4;19;2;
874;2,1;18;4;
875;1,1;18;1;
876;2,6;20;5;
877;1,7;19;4;
878;1,3;19;3;
879;1,9;19;5;
880;1,7;16;5;
881;3,4;17;3;
882;1,5;23;4;
883;2,8;17;5;
884;0,7;17;5;
885;0,4;19;5;
886;3,2;19;4;
887;2,2;17;2;
888;3,7;16;5;
889;1,2;18;5;
890;3,9;19;5;
891;4,8;20;5;
892;2,3;16;5;
893;3,1;17;4;
894;2,1;18;4;
895;1,6;17;5;
896;1,3;17;4;
897;2,5;16;3;
898;3,5;16;5;
899;1,9;21;5;
900;1,8;19;5;
901;2,1;18;1;
902;3;18;4;
903;2,7;19;1;
904;2,6;18;3;
905;3;17;5;
906;2,1;18;5;
907;3,6;18;2;
908;1,6;16;5;
909;3,7;19;5;
910;2,4;18;5;
911;1,8;17;5;
912;1,7;16;4;
913;2,5;17;4;
914;3,7;22;5;
915;3,3;19;2;
916;2,8;15;5;
917;2,7;22;3;
918;3,1;22;2;
919;1,8;20;5;
920;1;20;5;
921;2,4;16;1;
922;1,9;20;4;
923;2,6;16;5;
924;3,1;21;1;
925;2,8;16;5;
926;2,7;20;5;
927;2,5;18;5;
928;2,8;17;5;
929;2,5;19;4;
930;0,9;16;4;
931;0,4;18;3;
932;3,6;18;5;
933;1,3;16;5;
934;2,7;17;5;
935;1,1;17;4;
936;2,1;17;4;
937;3,9;18;4;
938;3,3;18;4;
939;2,863503917;18;4;
940;1,8;17;5;
941;2,8;17;5;
942;3,2;17;5;
943;2,3;16;5;
944;1,2;18;4;
945;3,1;18;2;
946;3;15;5;
947;2,8;23;5;
948;3,8;17;5;
949;2,4;17;3;
950;3,3;23;2;
951;4;19;5;
952;3,5;19;5;
953;0,7;18;2;
954;2,6;17;4;
955;2,3;18;5;
956;3,4;22;4;
957;3,2;15;3;
958;2,7;20;2;
959;3,2;16;5;
960;4,8;21;5;
961;2,8;19;5;
962;2,1;20;2;
963;2,5;18;5;
964;1,5;22;5;
965;1,442151282;21;5;
966;3,8;18;5;
967;3,2;17;5;
968;1,6;18;3;
969;1,7;16;5;
970;2,3;16;5;
971;1,1;17;5;
972;4;19;5;
973;3,9;15;2;
974;2,1;18;4;
975;1;19;4;
976;2,2;18;3;
977;3;21;4;
978;2,3;21;5;
979;1,6;19;3;
980;3,3;16;4;
981;1,7;17;5;
982;4;18;5;
983;2,4;18;3;
984;1,8;22;5;
985;1,3;16;5;
986;2,1;19;5;
987;3,3;17;5;
988;3,8;20;5;
989;0,2;20;5;
990;0;16;5;
991;1,5;18;2;
992;2,2;21;5;
993;2,4;17;3;
994;5;16;5;
995;1,1;21;5;
996;1,9;23;4;
997;2,4;18;4;
998;1,4;16;4;
999;2,2;19;4;
1000;1,5;17;3;
1001;0,9;16;3;
1002;2,8;16;1;
1003;4;19;4;
1004;2,3;17;4;
1005;4,3;19;5;
1006;1,4;21;1;
1007;1,9;21;5;
1008;3,3;16;3;
1009;2,3;17;4;
1010;2,4;18;3;
1011;2,3;18;5;
1012;3,5;20;5;
1013;1,5;18;5;
1014;3;18;5;
1015;4,4;16;5;
1016;1,9;20;5;
1017;2,3;17;5;
1018;2,3;20;5;
1019;1,8;18;5;
1020;4,6;17;4;
1021;2,1;17;3;
1022;2,5;15;4;
1023;2,6;18;3;
1024;3;15;4;
1025;1,8;19;5;
1026;1,8;18;5;
1027;3,1;18;4;
1028;1,4;17;1;
1029;3,3;19;4;
1030;1,6;20;5;
1031;0,6;17;4;
1032;3,4;17;5;
1033;2,4;16;3;
1034;1;17;5;
1035;3,5;19;5;
1036;2;16;5;
1037;2,1;18;4;
1038;3,4;18;2;
1039;3,3;17;2;
1040;3,3;18;4;
1041;2,4;16;4;
1042;3,1;17;3;
1043;4,2;18;2;
1044;2,9;18;4;
1045;3,6;18;3;
1046;1;16;4;
1047;1,3;17;4;
1048;2,7;17;5;
1049;1,3;18;4;
1050;3,4;21;4;
1051;0,3;21;4;
1052;4,8;17;3;
1053;1;16;4;
1054;2,4;18;4;
1055;4,5;17;4;
1056;1,4;18;5;
1057;3,6;17;5;
1058;2,1;17;5;
1059;0,9;17;5;
1060;0,3;17;5;
1061;4;17;4;
1062;2,3;18;4;
1063;2,5;15;3;
1064;2,1;19;4;
1065;1,6;17;5;
1066;2,2;18;5;
1067;2,9;18;5;
1068;4,6;16;2;
1069;0,6;18;5;
1070;2;16;5;
1071;2,2;20;5;
1072;2,2;22;1;
1073;2,3;19;4;
1074;2,4;20;4;
1075;1,9;17;5;
1076;4,236084986;19;2;
1077;3,3;17;5;
1078;4,9;18;3;
1079;4,2;17;4;
1080;2;15;5;
1081;3,2;20;1;
1082;2,6;22;5;
1083;3,6;16;5;
1084;3;18;5;
1085;1,3;16;5;
1086;3;19;5;
1087;2,3;19;4;
1088;2,2;15;5;
1089;1,4;18;4;
1090;3,2;15;5;
1091;2,5;19;4;
1092;2,7;18;4;
1093;1,5;18;3;
1094;2,1;17;4;
1095;2,5;16;5;
1096;4,1;21;5;
1097;2,1;18;4;
1098;2,6;17;5;
1099;3,1;17;5;
1100;3,4;21;2;
1101;2,2;19;5;
1102;4;16;2;
1103;2,4;19;5;
1104;3,1;25;5;
1105;2,2;16;5;
1106;1,4;18;4;
1107;2,9;16;5;
1108;3,9;17;2;
1109;2,7;18;1;
1110;3,2;17;5;
1111;2,7;16;5;
1112;3,5;19;5;
1113;2,4;15;4;
1114;1,3;16;5;
1115;2,1;17;4;
1116;0;17;5;
1117;2;19;5;
1118;1,9;19;5;
1119;3,5;17;5;
1120;2,5;18;4;
1121;2,4;18;2;
1122;1,3;21;5;
1123;2,4;19;5;
1124;2,4;16;2;
1125;2,3;18;5;
1126;3,9;17;5;
1127;1,9;20;2;
1128;1,7;19;3;
1129;3,3;19;4;
1130;2,8;17;1;
1131;2,3;17;4;
1132;4,1;16;5;
1133;2,7;21;1;
1134;3,1;17;5;
1135;2,7;17;5;
1136;3,1;18;5;
1137;1,1;19;4;
1138;2,8;16;3;
1139;3,1;20;1;
1140;2,7;20;5;
1141;2,3;18;5;
1142;1,4;20;5;
1143;3,1;16;2;
1144;2,2;19;5;
1145;2,6;22;4;
1146;0,9;16;5;
1147;1,9;20;2;
1148;2,7;17;4;
1149;2,7;18;5;
1150;3,7;16;5;
1151;2,5;18;5;
1152;2,9;21;5;
1153;1,6;17;2;
1154;3,2;16;1;
1155;2,2;21;4;
1156;1,3;16;1;
1157;2,8;19;4;
1158;3,3;18;5;
1159;1,5;19;3;
1160;3,4;22;5;
1161;1,6;15;5;
1162;2,8;19;3;
1163;2,3;16;5;
1164;0,1;17;5;
1165;2,3;17;4;
1166;1,3;16;3;
1167;1,1;15;5;
1168;1,3;17;4;
1169;1,7;18;5;
1170;2,3;16;5;
1171;2,3;17;5;
1172;0,7;17;5;
1173;2,5;19;5;
1174;2,6;17;5;
1175;2,5;20;5;
1176;3,2;17;2;
1177;3,3;19;4;
1178;3,2;18;5;
1179;2,7;16;5;
1180;1,8;22;4;
1181;3,3;15;5;
1182;1,8;15;5;
1183;0,1;18;5;
1184;2,1;16;2;
1185;2,9;17;3;
1186;2,2;16;5;
1187;2,4;22;2;
1188;3,2;17;4;
1189;3,5;16;2;
1190;3;22;5;
1191;3,6;18;5;
1192;2,6;15;3;
1193;1,4;18;3;
1194;2,8;18;1;
1195;2,2;21;3;
1196;3,9;15;1;
1197;3,3;22;4;
1198;1,008572612;17;2;
1199;1,2;21;5;
1200;2,9;18;2;
1201;2;15;4;
1202;1,4;16;3;
1203;1,5;17;4;
1204;3,3;15;3;
1205;1,8;17;4;
1206;3,8;23;2;
1207;1,9;19;4;
1208;2,4;18;5;
1209;4,2;18;5;
1210;3,1;22;2;
1211;4,6;19;4;
1212;3,4;18;5;
1213;2,3;18;1;
1214;3;18;4;
1215;2,9;19;5;
1216;1,1;19;5;
1217;0,750289008;18;5;
1218;1,5;16;4;
1219;1,9;16;5;
1220;2,1;18;2;
1221;1,8;16;5;
1222;1,9;17;4;
1223;3,9;18;5;
1224;3,1;19;4;
1225;1,8;18;4;
1226;1,8;16;2;
1227;1,3;21;3;
1228;1,4;17;4;
1229;3,2;21;4;
1230;1,4;16;4;
1231;1,1;19;4;
1232;3,1;18;4;
1233;4,3;17;5;
1234;2,9;19;5;
1235;0,9;19;4;
1236;2,1;18;1;
1237;2,1;16;4;
1238;2,9;24;4;
1239;2,3;16;5;
1240;1,4;19;4;
1241;4;17;3;
1242;1,5;20;5;
1243;0,8;17;3;
1244;3,3;16;5;
1245;2,9;16;5;
1246;1,5;17;5;
1247;2,4;20;4;
1248;2,2;17;5;
1249;2,5;21;3;
1250;1,9;18;4;
1251;2,2;15;5;
1252;2,1;16;5;
1253;1,5;16;5;
1254;2,4;17;5;
1255;2,2;22;5;
1256;0,9;20;2;
1257;3,1;18;1;
1258;3,6;15;5;
1259;3,9;15;4;
1260;2,1;16;5;
1261;1,7;17;5;
1262;2,9;18;1;
1263;1,7;18;5;
1264;3,5;18;5;
1265;3;18;5;
1266;1,2;19;5;
1267;3,5;17;4;
1268;3,8;19;2;
1269;3,3;16;5;
1270;2,9;17;4;
1271;3,6;18;5;
1272;2,7;20;5;
1273;2,2;16;5;
1274;2,7;19;4;
1275;3,1;17;5;
1276;2;21;3;
1277;1,7;21;3;
1278;3,9;15;5;
1279;3,2;19;5;
1280;3,7;21;5;
1281;4,4;15;4;
1282;2,5;21;2;
1283;1,6;18;3;
1284;2,6;17;5;
1285;2,8;15;4;
1286;1,5;18;1;
1287;2,7;18;3;
1288;1,6;17;2;
1289;1;19;5;
1290;2;19;4;
1291;3,1;18;4;
1292;2,6;18;2;
1293;2,2;15;2;
1294;2,3;16;1;
1295;1,8;17;5;
1296;0,8;17;5;
1297;3,2;16;5;
1298;2,7;21;4;
1299;3,6;19;5;
1300;3,1;18;2;
1301;2,8;20;5;
1302;3,6;19;4;
1303;1,5;19;5;
1304;2,1;15;4;
1305;2;21;1;
1306;1,4;15;4;
1307;3,7;15;5;
1308;2,5;18;4;
1309;2,8;17;5;
1310;3;16;4;
1311;2,4;17;5;
1312;1,6;15;5;
1313;0,6;21;5;
1314;3,2;21;4;
1315;2,9;18;5;
1316;2,5;15;3;
1317;2,4;19;5;
1318;3;18;4;
1319;3;16;3;
1320;2,32855904;16;5;
1321;1,6;16;5;
1322;1,8;19;5;
1323;2,6;16;5;
1324;1,8;18;3;
1325;3,4;21;4;
1326;2,3;17;4;
1327;1,7;18;2;
1328;3,2;19;5;
1329;1;19;5;
1330;2,3;16;5;
1331;2,6;16;3;
1332;2,6;15;5;
1333;1,3;18;5;
1334;2,5;17;5;
1335;2,1;17;3;
1336;2,2;16;5;
1337;3,2;18;1;
1338;0,9;18;5;
1339;2,3;18;2;
1340;1;18;5;
1341;2,2;18;3;
1342;3,5;21;5;
1343;3,2;17;5;
1344;2,9;17;2;
1345;3,6;19;5;
1346;2,2;20;5;
1347;2,4;18;4;
1348;1,5;20;5;
1349;3,4;22;5;
1350;2,5;21;4;
1351;1;23;5;
1352;2,2;16;3;
1353;4,5;16;4;
1354;3,2;18;5;
1355;3,8;21;5;
1356;1,4;18;2;
1357;2,8;17;4;
1358;1,9;19;1;
1359;1,5;16;5;
1360;2,7;20;5;
1361;4,1;18;1;
1362;4,2;20;5;
1363;1,8;16;5;
1364;2,8;20;5;
1365;3,2;17;5;
1366;1,5;20;2;
1367;3,9;16;5;
1368;3,2;19;5;
1369;4,9;16;5;
1370;1,8;16;5;
1371;1,5;17;3;
1372;1,2;17;5;
1373;2,8;18;5;
1374;4,4;20;5;
1375;2,8;17;5;
1376;3,4;18;4;
1377;1,1;18;4;
1378;0,6;17;1;
1379;1,5;16;5;
1380;1,8;15;5;
1381;1,1;17;4;
1382;3,2;18;5;
1383;1,5;17;4;
1384;2,1;19;5;
1385;4,1;17;4;
1386;1,5;16;2;
1387;2,8;22;3;
1388;1,5;22;5;
1389;2,6;21;3;
1390;0,6;20;4;
1391;2,7;16;4;
1392;3,6;16;4;
1393;3,1;19;4;
1394;3,7;16;5;
1395;2;17;5;
1396;2,8;15;4;
1397;3,2;16;4;
1398;2,1;16;2;
1399;2,6;19;4;
1400;1,8;19;3;
1401;1,8;19;5;
1402;3,8;20;2;
1403;3,5;18;5;
1404;3,6;20;4;
1405;2,1;18;5;
1406;3,8;23;5;
1407;1,5;15;4;
1408;1,4;20;5;
1409;0,667306679;18;3;
1410;1,8;16;5;
1411;3;19;4;
1412;1,5;16;1;
1413;2,8;20;5;
1414;4;21;5;
1415;2,8;21;1;
1416;3,3;16;5;
1417;2,2;16;3;
1418;1,5;20;5;
1419;1,5;15;5;
1420;3,9;19;4;
1421;3,5;16;5;
1422;3;17;2;
1423;2,6;17;4;
1424;1,2;18;5;
1425;2,8;19;5;
1426;2,2;19;2;
1427;1,6;18;5;
1428;2,4;17;3;
1429;1,8;20;3;
1430;4,2;18;4;
1431;2,3;15;3;
1432;3,9;15;5;
1433;3,7;21;5;
1434;2,8;21;2;
1435;2,9;17;3;
1436;1,7;24;4;
1437;2,4;17;5;
1438;1,8;16;5;
1439;0,7;19;5;
1440;1,3;18;4;
1441;1,8;16;5;
1442;2,1;21;5;
1443;3;19;4;
1444;1,6;17;5;
1445;1,9;21;5;
1446;1,7;18;5;
1447;1,6;18;5;
1448;1,4;15;4;
1449;0,7;17;1;
1450;3,3;17;5;
1451;2,6;19;4;
1452;2,2;18;3;
1453;3;19;4;
1454;2,9;16;5;
1455;2,1;16;3;
1456;1,8;20;5;
1457;3,7;17;4;
1458;2,4;21;5;
1459;2;19;4;
1460;2,5;21;5;
1461;1,6;19;3;
1462;2,8;20;5;
1463;2,6;21;3;
1464;2,2;15;4;
1465;2,5;20;4;
1466;4,1;16;5;
1467;3,1;19;4;
1468;3,4;20;5;
1469;2,1;17;3;
1470;2,8;18;5;
1471;3,1;16;5;
1472;2,3;18;3;
1473;2,4;21;5;
1474;2;17;5;
1475;2,6;16;5;
1476;2,9;20;4;
1477;3,7;19;5;
1478;3;16;5;
1479;2,3;17;5;
1480;2,2;16;5;
1481;2,4;17;4;
1482;3,1;16;4;
1483;2,1;16;5;
1484;0,5;18;5;
1485;2,4;20;5;
1486;1,6;16;3;
1487;3,5;16;4;
1488;1,7;17;5;
1489;4,2;21;3;
1490;3,1;17;4;
1491;3,1;21;2;
1492;3,4;22;4;
1493;1,4;16;4;
1494;3,8;21;5;
1495;2,3;21;2;
1496;2,7;18;5;
1497;0,8;15;3;
1498;0,2;17;5;
1499;2,4;19;3;
1500;2,7;16;5;
1501;3,2;16;5;
1502;2,5;17;5;
1503;0,5;17;3;
1504;1,1;16;4;
1505;3,3;18;1;
1506;4,9;16;4;
1507;3,1;19;5;
1508;4,5;19;5;
1509;1,9;17;4;
1510;1,7;17;5;
1511;2,2;16;4;
1512;1,9;18;4;
1513;3,3;17;4;
1514;2,1;18;3;
1515;1,7;16;2;
1516;3,1;17;3;
1517;2,8;16;1;
1518;1,4;19;5;
1519;2,1;18;5;
1520;3,3;20;5;
1521;2,2;16;1;
1522;4,2;22;2;
1523;3;19;5;
1524;1,9;18;3;
1525;1,6;18;5;
1526;3,3;17;4;
1527;1,7;18;4;
1528;1,9;17;3;
1529;3;17;4;
1530;2,2;19;5;
1531;2,2;16;5;
1532;2;18;5;
1533;2,7;19;5;
1534;3,6;16;2;
1535;2,3;17;5;
1536;4,9;19;2;
1537;2,5;21;5;
1538;2,6;18;3;
1539;3,4;18;3;
1540;3;19;5;
1541;1,6;18;5;
1542;2,3;17;5;
1543;1,6;18;2;
1544;2,5;18;3;
1545;3,5;17;3;
1546;2,9;17;4;
1547;2,8;17;1;
1548;1,8;18;5;
1549;3,1;18;5;
1550;2,9;19;1;
1551;2,5;17;3;
1552;2,6;17;5;
1553;2,9;17;4;
1554;1,9;17;5;
1555;4,6;20;5;
1556;2,8;20;4;
1557;3,3;20;4;
1558;1,6;21;5;
1559;1,3;18;1;
1560;3,9;22;5;
1561;3,7;18;5;
1562;2,7;20;3;
1563;2,2;17;5;
1564;2,4;15;5;
1565;1,3;16;5;
1566;3,5;22;2;
1567;0,7;17;3;
1568;2,3;15;5;
1569;1,9;19;4;
1570;1,8;17;5;
1571;4,4;19;5;
1572;2,4;16;4;
1573;1,6;17;5;
1574;1,9;18;5;
1575;3,5;16;5;
1576;2,9;21;5;
1577;3,6;19;4;
1578;2,3;17;5;
1579;3,6;18;4;
1580;2,8;15;5;
1581;1,2;17;5;
1582;4,2;18;5;
1583;3,4;18;4;
1584;4,6;15;4;
1585;2,4;22;4;
1586;2,1;18;5;
1587;3;18;5;
1588;3;19;5;
1589;2,2;17;5;
1590;2,1;17;5;
1591;2,2;18;2;
1592;2;17;3;
1593;2,5;20;5;
1594;3,8;18;5;
1595;2,5;21;5;
1596;3,9;21;5;
1597;3,4;15;1;
1598;2,5;18;5;
1599;0,2;21;5;
1600;0,8;19;1;
1601;2,6;20;5;
1602;2,8;16;1;
1603;2,1;17;5;
1604;2,9;18;5;
1605;3,9;17;2;
1606;0,5;16;4;
1607;3,5;19;5;
1608;3,5;18;5;
1609;2,1;18;5;
1610;1,8;21;4;
1611;1,9;21;4;
1612;1,4;21;5;
1613;2,2;23;1;
1614;1,7;17;2;
1615;3,8;18;5;
1616;2,5;22;5;
1617;2;18;3;
1618;1,6;21;5;
1619;1,5;19;5;
1620;2,4;16;5;
1621;1,6;17;4;
1622;0,9;23;5;
1623;1,2;20;5;
1624;2,2;18;4;
1625;2,6;15;4;
1626;2,1;15;3;
1627;3,8;15;5;
1628;0,7;16;5;
1629;4,2;20;5;
1630;2;20;5;
1631;0,4;18;4;
1632;2,9;17;4;
1633;1,7;17;5;
1634;2,3;18;5;
1635;3,2;16;5;
1636;3,1;20;5;
1637;2,8;18;5;
1638;2,5;18;5;
1639;2,3;18;4;
1640;2,4;21;5;
1641;1,6;20;4;
1642;1,7;16;3;
1643;3;17;4;
1644;1,1;19;5;
1645;2,3;15;5;
1646;3,1;20;5;
1647;3;16;4;
1648;1,5;17;5;
1649;3,9;17;5;
1650;2,9;20;3;
1651;1,1;18;5;
1652;3;19;5;
1653;1,8;16;2;
1654;4,1;18;4;
1655;2,2;19;5;
1656;2,5;19;2;
1657;3;21;4;
1658;4,5;17;5;
1659;3,1;22;3;
1660;2,9;17;5;
1661;2,9;18;3;
1662;3,8;20;4;
1663;3,6;17;4;
1664;3,6;20;5;
1665;3,8;22;3;
1666;3;17;2;
1667;1,3;15;2;
1668;4,4;20;5;
1669;1,1;20;5;
1670;4,5;21;3;
1671;3,4;16;5;
1672;2,9;16;5;
1673;1,1;15;1;
1674;3;19;5;
1675;2,9;19;5;
1676;4,3;21;5;
1677;3,4;16;5;
1678;2,9;18;3;
1679;1,1;19;5;
1680;1,5;18;3;
1681;3;18;1;
1682;2,8;18;5;
1683;1,1;16;5;
1684;1,4;18;1;
1685;1,5;20;4;
1686;3,1;16;5;
1687;1,4;17;2;
1688;1,2;19;5;
1689;2,6;19;3;
1690;3,4;18;4;
1691;2,8;20;4;
1692;4,5;17;3;
1693;2,5;17;5;
1694;1,7;16;5;
1695;1;16;5;
1696;2,9;16;5;
1697;2,1;16;4;
1698;3,1;22;5;
1699;2,3;16;5;
1700;3,6;19;3;
1701;2,8;21;3;
1702;1,6;16;2;
1703;2,8;15;5;
1704;1,5;20;2;
1705;2,9;17;3;
1706;2,4;17;4;
1707;1,6;16;5;
1708;2,8;18;4;
1709;1,8;18;5;
1710;1,9;15;4;
1711;3,9;16;4;
1712;3,9;16;2;
1713;0,7;19;5;
1714;2,4;19;5;
1715;0,7;18;5;
1716;1;17;4;
1717;1,7;23;4;
1718;1,3;22;5;
1719;1,9;19;5;
1720;1,5;16;5;
1721;1,7;16;5;
1722;1,6;19;4;
1723;1,7;17;5;
1724;2,8;20;2;
1725;2,8;16;3;
1726;2,5;19;5;
1727;0,8;20;5;
1728;2,1;15;5;
1729;3,1;15;5;
1730;3,4;15;5;
1731;2,8;20;2;
1732;2,5;21;5;
1733;1;22;5;
1734;3,3;17;5;
1735;3;19;5;
1736;3,3;16;4;
1737;3,2;15;3;
1738;2,3;19;5;
1739;3,1;17;5;
1740;2,1;19;5;
1741;2,2;20;2;
1742;1,6;16;5;
1743;2;17;5;
1744;3,5;17;5;
1745;3,9;22;4;
1746;1,9;20;5;
1747;3;20;4;
1748;2,1;17;5;
1749;2,4;18;3;
1750;2,2;15;5;
1751;2,8;15;3;
1752;2,8;19;4;
1753;1,5;19;2;
1754;0,8;17;4;
1755;1,8;17;4;
1756;2,3;18;4;
1757;2,5;17;4;
1758;2,9;16;4;
1759;2,5;17;5;
1760;2,3;15;3;
1761;1,2;16;1;
1762;3,9;15;5;
1763;2,5;20;5;
1764;0,5;22;2;
1765;2,9;24;3;
1766;2,7;18;5;
1767;2,8;20;2;
1768;1,1;15;5;
1769;4,5;20;5;
1770;3,2;24;5;
1771;3,2;18;3;
1772;2,6;20;5;
1773;3,4;16;5;
1774;1,4;20;5;
1775;4,1;21;5;
1776;4,5;21;4;
1777;5;20;4;
1778;1,9;18;5;
1779;2,7;16;3;
1780;2,7;16;2;
1781;2,9;21;3;
1782;0,8;18;1;
1783;0,8;16;5;
1784;3;23;5;
1785;0,4;18;5;
1786;1,3;22;5;
1787;3,2;23;5;
1788;3,2;16;4;
1789;2,2;17;4;
1790;0,9;19;5;
1791;0,7;17;5;
1792;3,2;16;1;
1793;2,6;17;5;
1794;2,8;15;5;
1795;2,7;20;4;
1796;2,5;17;5;
1797;2,2;18;5;
1798;3,7;18;5;
1799;1,1;19;5;
1800;3,2;19;4;
1801;1,6;18;1;
1802;3,6;16;5;
1803;2,6;18;5;
1804;0,6;20;5;
1805;3,2;17;2;
1806;2,4;20;5;
1807;1,6;18;5;
1808;3,2;15;3;
1809;3;15;5;
1810;1,4;20;5;
1811;2,7;16;4;
1812;2,1;18;5;
1813;2,9;18;3;
1814;2,1;17;5;
1815;2,1;24;3;
1816;3,3;18;3;
1817;1,1;20;3;
1818;3;19;4;
1819;0,8;16;5;
1820;2;20;5;
1821;2,6;21;5;
1822;1,5;17;3;
1823;3,1;20;4;
1824;3,1;16;4;
1825;3,3;18;5;
1826;1,8;16;5;
1827;3,3;18;2;
1828;3,9;19;4;
1829;2,5;19;4;
1830;3;17;5;
1831;2,5;22;5;
1832;3,2;18;5;
1833;2,1;15;4;
1834;4,1;19;4;
1835;3,1;18;5;
1836;1;18;5;
1837;0,5;19;5;
1838;1,3;20;4;
1839;1,8;18;4;
1840;2,6;21;5;
1841;2;16;2;
1842;3,3;17;5;
1843;2;16;5;
1844;2,1;19;5;
1845;2,2;20;5;
1846;1,9;18;4;
1847;3,1;17;4;
1848;2,8;21;4;
1849;4,2;17;3;
1850;3,217744474;17;1;
1851;2,3;16;5;
1852;2,7;17;5;
1853;3,4;16;4;
1854;1,6;17;4;
1855;2,4;19;5;
1856;1,5;15;3;
1857;2,9;19;5;
1858;2,5;16;5;
1859;1,8;19;5;
1860;1,9;16;5;
1861;2,1;21;5;
1862;3,2;17;1;
1863;3,5;20;4;
1864;2,1;16;2;
1865;4,1;20;4;
1866;3;16;5;
1867;4;20;5;
1868;2,1;20;3;
1869;1,9;23;5;
1870;4;18;4;
1871;2,1;16;5;
1872;1,9;17;4;
1873;2,7;17;3;
1874;1,5;20;5;
1875;2,5;18;4;
1876;0,7;19;4;
1877;3,9;20;5;
1878;4,5;15;4;
1879;3,6;18;5;
1880;1,6;20;5;
1881;2,4;17;3;
1882;1,32540695;16;2;
1883;2,5;17;1;
1884;3,8;19;5;
1885;3,2;16;1;
1886;4,3;17;4;
1887;2,8;17;4;
1888;2,3;18;5;
1889;2,7;18;5;
1890;1,6;17;5;
1891;1,3;18;5;
1892;0,9;17;5;
1893;2,2;18;5;
1894;3,3;19;4;
1895;2,5;15;5;
1896;1,6;18;5;
1897;1,2;21;1;
1898;2,2;19;5;
1899;3,4;18;5;
1900;4,4;17;4;
1901;1,9;15;5;
1902;2,5;15;5;
1903;3,9;16;5;
1904;2,5;17;5;
1905;2,8;15;5;
1906;2,9;20;5;
1907;3;18;5;
1908;2;18;2;
1909;2,6;17;5;
1910;3,7;19;3;
1911;2,9;18;5;
1912;1,7;17;2;
1913;2,1;16;4;
1914;3,3;18;4;
1915;2,2;16;1;
1916;2,2;16;2;
1917;3,6;16;3;
1918;0,9;18;4;
1919;3;18;4;
1920;1,5;16;4;
1921;1,9;17;4;
1922;3,1;19;3;
1923;1,2;18;5;
1924;2,3;20;1;
1925;2,8;18;4;
1926;3;19;4;
1927;1,4;16;4;
1928;0,8;19;5;
1929;2,6;23;4;
1930;3,1;20;5;
1931;1,8;17;4;
1932;2,3;17;4;
1933;2,9;16;4;
1934;3,4;16;5;
1935;2,9;18;4;
1936;2,5;17;5;
1937;2,5;16;3;
1938;3,3;16;3;
1939;1;19;5;
1940;1,4;19;3;
1941;1,8;16;5;
1942;0,9;19;3;
1943;0,6;21;5;
1944;1,5;18;3;
1945;3,910112193;17;5;
1946;2,1;17;5;
1947;2,3;17;5;
1948;2,1;16;5;
1949;4,4;18;3;
1950;1,4;19;5;
1951;2,2;16;5;
1952;1,2;17;3;
1953;3,5;17;4;
1954;3,2;19;4;
1955;2,4;15;5;
1956;3,6;17;2;
1957;2,5;16;4;
1958;1,7;19;2;
1959;2,6;15;5;
1960;2,4;17;1;
1961;2,9;22;2;
1962;2,1;17;5;
1963;2,2;17;1;
1964;1,8;16;5;
1965;1,5;18;4;
1966;2,9;19;3;
1967;2,8;16;4;
1968;2,5;20;4;
1969;3,7;19;3;
1970;3,1;15;4;
1971;1,7;16;5;
1972;3,1;17;5;
1973;2,1;17;5;
1974;2,5;18;4;
1975;2,2;16;5;
1976;2,1;19;5;
1977;3,1;23;1;
1978;4,1;22;5;
1979;2,7;21;5;
1980;2,8;20;5;
1981;3,1;20;4;
1982;3;22;3;
1983;2,4;16;5;
1984;4;17;5;
1985;1,5;17;4;
1986;2,2;16;5;
1987;1,1;19;4;
1988;3,2;17;5;
1989;2,5;17;5;
1990;4,9;17;5;
1991;3,1;18;4;
1992;2,7;20;4;
1993;2,4;19;4;
1994;3,4;19;5;
1995;1,9;17;5;
1996;3,3;18;5;
1997;2,4;22;5;
1998;1,7;20;2;
1999;1,4;17;5;
2000;3,3;17;5;
2001;3,1;18;2;
2002;4;23;4;
2003;3;19;5;
2004;3;17;5;
2005;2,4;19;2;
2006;0,8;16;4;
2007;3,6;16;5;
2008;1,6;16;5;
2009;2,5;16;5;
2010;3;19;4;
2011;3,4;19;3;
2012;3,7;23;5;
2013;3,2;18;5;
2014;2,6;16;5;
2015;2,4;19;5;
2016;3,3;19;3;
2017;3;17;4;
2018;3,7;26;4;
2019;2,4;19;5;
2020;2;17;5;
2021;2,7;18;5;
2022;2,7;21;4;
2023;3,3;18;5;
2024;3,5;15;5;
2025;2,3;17;3;
2026;2,4;17;3;
2027;2,4;17;5;
2028;1;20;4;
2029;1,8;18;4;
2030;3,2;20;4;
2031;3,2;17;4;
2032;0,8;16;5;
2033;2,2;15;5;
2034;2,6;20;4;
2035;4,7;18;5;
2036;2,8;19;5;
2037;1,7;20;3;
2038;2,4;15;5;
2039;2,3;17;5;
2040;2,3;24;5;
2041;1,8;18;5;
2042;3;19;5;
2043;3,1;18;1;
2044;2,7;21;5;
2045;4,4;20;5;
2046;4,1;18;5;
2047;1,9;17;4;
2048;1,8;20;3;
2049;2,9;16;4;
2050;2,1;19;2;
2051;0,8;16;5;
2052;1,7;16;4;
2053;3,7;16;3;
2054;3,8;20;5;
2055;3,3;18;3;
2056;2,3;16;4;
2057;3,1;16;5;
2058;2,8;17;5;
2059;4,2;20;2;
2060;1,3;15;5;
2061;3,3;17;4;
2062;1,9;18;4;
2063;2,7;18;4;
2064;3,4;19;5;
2065;2;21;5;
2066;1,9;19;5;
2067;3,3;16;5;
2068;3,2;19;5;
2069;2,8;18;5;
2070;0,1;19;5;
2071;3,1;19;4;
2072;2,1;17;4;
2073;2,2;16;4;
2074;2,3;16;2;
2075;2,7;17;5;
2076;2,5;19;4;
2077;1,5;17;2;
2078;3,7;16;5;
2079;1,3;17;5;
2080;2,1;19;3;
2081;1,1;19;5;
2082;1,8;16;5;
2083;2,6;21;3;
2084;0,3;17;5;
2085;2,6;19;5;
2086;1,5;18;5;
2087;3,8;17;4;
2088;1,4;19;5;
2089;3,3;18;5;
2090;1,9;17;4;
2091;2,1;16;5;
2092;3;17;4;
2093;3;16;5;
2094;1,1;16;5;
2095;2,9;22;3;
2096;1,6;15;4;
2097;2,9;17;5;
2098;3;19;5;
2099;2,9;17;4;
2100;1,2;18;5;
2101;3,6;18;4;
2102;2,5;18;5;
2103;1,9;16;5;
2104;1,4;17;4;
2105;1,6;19;2;
2106;3,3;17;4;
2107;3,6;17;4;
2108;0,2;18;5;
2109;2,1;16;5;
2110;3,7;20;5;
2111;1,6;17;5;
2112;2,7;18;5;
2113;3,479246982;18;4;
2114;1,4;17;3;
2115;3,5;17;5;
2116;2,9;17;4;
2117;2,9;17;5;
2118;1,6;25;5;
2119;3,207976608;16;4;
2120;1,4;17;5;
2121;2,8;19;4;
2122;3,6;16;5;
2123;1,6;19;3;
2124;3,4;17;5;
2125;1,8;17;1;
2126;1,9;18;4;
2127;3;19;3;
2128;3,7;17;4;
2129;1,8;19;5;
2130;1,9;18;2;
2131;2,5;19;3;
2132;2;19;5;
2133;1;18;5;
2134;2,6;21;5;
2135;2,9;20;4;
2136;1,7;22;5;
2137;1;21;5;
2138;1,8;19;4;
2139;1,8;20;2;
2140;4,2;19;5;
2141;1,9;16;5;
2142;4;17;5;
2143;2,7;18;2;
2144;2,2;16;4;
2145;3,1;15;5;
2146;3,6;17;5;
2147;2,1;18;4;
2148;2,3;17;4;
2149;1,9;20;5;
2150;2,9;17;4;
2151;2,5;21;5;
2152;2,6;16;5;
2153;2;16;5;
2154;2,2;18;5;
2155;3,2;17;4;
2156;3,5;17;5;
2157;3,7;17;5;
2158;2,1;15;5;
2159;4,1;17;2;
2160;2,8;19;5;
2161;3,2;15;4;
2162;1,9;18;5;
2163;2,3;17;2;
2164;2;21;3;
2165;1,9;17;3;
2166;3,9;16;3;
2167;3,4;19;2;
2168;4;19;2;
2169;3,3;18;3;
2170;2,8;17;5;
2171;2,8;16;4;
2172;2,1;15;3;
2173;3,4;20;3;
2174;1,6;19;3;
2175;1,2;16;4;
2176;2,1;18;3;
2177;3;18;5;
2178;0,8;20;4;
2179;3,2;21;3;
2180;2,1;18;3;
2181;2,2;17;4;
2182;2,5;18;5;
2183;2,4;16;5;
2184;1,5;17;5;
2185;3,1;16;4;
2186;0,6;17;5;
2187;2,1;15;5;
2188;1;18;5;
2189;0,9;16;3;
2190;3,6;17;4;
2191;3,5;19;5;
2192;2,7;18;5;
2193;2;19;5;
2194;4,2;20;5;
2195;1,8;17;5;
2196;2,4;20;4;
2197;2,2;18;2;
2198;1,3;18;4;
2199;1,6;19;4;
2200;4,1;19;3;
2201;2,6;21;4;
2202;3,4;21;3;
2203;1,5;18;5;
2204;1,5;15;5;
2205;1,9;17;5;
2206;1,8;19;5;
2207;2,5;17;4;
2208;1,7;16;5;
2209;2,6;17;5;
2210;3,1;21;5;
2211;4,8;18;3;
2212;1,7;19;5;
2213;3,1;19;3;
2214;4;19;3;
2215;3,3;17;5;
2216;2,9;15;5;
2217;3,1;17;3;
2218;2,9;17;5;
2219;2,9;18;5;
2220;3,1;19;4;
2221;2,3;16;5;
2222;3,5;18;4;
2223;2,2;19;4;
2224;4,8;20;5;
2225;2,9;17;5;
2226;4,8;18;3;
2227;3,2;17;5;
2228;1,5;17;5;
2229;3,9;20;5;
2230;2,8;19;5;
2231;4,3;19;5;
2232;2,7;18;5;
2233;3,5;16;5;
2234;2,3;18;5;
2235;2;16;5;
2236;2,5;16;5;
2237;2,1;16;5;
2238;2,8;16;4;
2239;2,8;16;2;
2240;1,6;17;1;
2241;2,5;16;4;
2242;1,5;15;2;
2243;2,1;16;4;
2244;4,4;21;5;
2245;1,3;17;5;
2246;2,1;16;5;
2247;3;19;5;
2248;3,9;19;2;
2249;1,1;18;3;
2250;2,3;20;4;
2251;2,7;17;4;
2252;2,1;21;5;
2253;4,8;19;5;
2254;2,7;18;2;
2255;2,4;18;5;
2256;1,6;23;4;
2257;4,8;17;4;
2258;1,5;20;5;
2259;1,8;17;5;
2260;2,4;16;4;
2261;1,8;20;5;
2262;2,8;19;3;
2263;2,7;20;5;
2264;2,8;18;5;
2265;2,6;18;3;
2266;1,8;17;4;
2267;2;18;2;
2268;2,2;17;5;
2269;2,6;17;3;
2270;2,2;18;5;
2271;3,3;19;4;
2272;2,2;15;5;
2273;1,8;18;5;
2274;3,2;21;5;
2275;1,6;18;5;
2276;3,7;18;5;
2277;1,5;18;3;
2278;3;20;5;
2279;1,6;17;5;
2280;2,2;20;4;
2281;3,2;17;3;
2282;2,6;21;3;
2283;3;20;5;
2284;0,6;17;5;
2285;3;18;4;
2286;2,8;21;5;
2287;3,4;18;3;
2288;3;19;3;
2289;3,5;16;5;
2290;1,7;16;3;
2291;3,4;16;5;
2292;0,5;16;5;
2293;3,3;19;5;
2294;3,4;17;2;
2295;1,2;16;5;
2296;3,2;16;3;
2297;3,8;19;3;
2298;2,4;20;4;
2299;3,2;17;3;
2300;2,5;19;5;
2301;2,8;15;5;
2302;2,6;18;3;
2303;2,1;20;5;
2304;3,2;18;4;
2305;1,4;16;4;
2306;1,6;18;5;
2307;1,2;16;4;
2308;2,6;20;3;
2309;1,7;16;3;
2310;1,5;17;5;
2311;1,6;17;5;
2312;2,3;17;5;
2313;1,5;21;5;
2314;2,2;16;2;
2315;2,3;16;2;
2316;0,2;16;4;
2317;2,6;16;5;
2318;2;17;3;
2319;2,8;20;3;
2320;2,8;18;5;
2321;3,1;23;1;
2322;1,3;18;3;
2323;4,3;17;3;
2324;0,8;17;3;
2325;1,8;20;4;
2326;2,9;20;3;
2327;3;20;5;
2328;1,4;16;5;
2329;3,4;18;5;
2330;3,5;17;3;
2331;2,7;22;5;
2332;3,6;23;4;
2333;0,7;17;5;
2334;1,4;17;5;
2335;0,9;17;5;
2336;1,2;20;2;
2337;2;21;5;
2338;1,8;21;5;
2339;3;17;5;
2340;4;18;5;
2341;3,1;22;5;
2342;0,5;17;4;
2343;2,6;16;4;
2344;3,2;17;3;
2345;3,285875847;21;5;
2346;0,4;17;5;
2347;2,6;18;4;
2348;2,6;18;5;
2349;2,6;18;5;
2350;2;16;3;
2351;3,7;17;4;
2352;4,6;16;3;
2353;2,1;21;4;
2354;3,3;18;2;
2355;3,6;18;5;
2356;2,1;24;3;
2357;1,3;16;5;
2358;1,9;20;4;
2359;3,8;17;5;
2360;2,8;17;4;
2361;1,1;15;5;
2362;3,6;18;4;
2363;1,1;21;5;
2364;1,9;21;3;
2365;2,6;19;4;
2366;3,3;16;5;
2367;2,5;18;5;
2368;1,3;16;5;
2369;1,6;16;3;
2370;3,4;16;5;
2371;3,1;18;5;
2372;0,9;19;5;
2373;2,4;20;1;
2374;3,6;20;3;
2375;2,1;16;5;
2376;1,4;17;5;
2377;1,8;17;5;
2378;4,2;18;4;
2379;2,7;19;5;
2380;2,6;20;5;
2381;1,2;19;3;
2382;2,8;18;4;
2383;2;22;3;
2384;1,4;15;4;
2385;2,4;16;5;
2386;3,5;17;1;
2387;1,5;16;5;
2388;2;18;2;
2389;1,737072753;16;5;
2390;2,5;20;3;
2391;0,9;15;1;
2392;1,1;16;4;
2393;1,2;16;5;
2394;2,7;19;2;
2395;2,7;20;4;
2396;1,1;15;4;
2397;3,5;18;2;
2398;3,4;16;5;
2399;3,1;18;5;
2400;3,7;17;5;
2401;4,6;17;5;
2402;2,6;17;4;
2403;3,2;16;4;
2404;2,7;18;5;
2405;4,4;20;5;
2406;2,7;22;4;
2407;1;16;4;
2408;2,1;15;4;
2409;2,7;17;5;
2410;1,9;20;4;
2411;1,7;19;5;
2412;1,5;19;3;
2413;2,3;21;5;
2414;0,9;15;5;
2415;2,6;16;5;
2416;3,3;18;5;
2417;3;16;3;
2418;2;16;4;
2419;0,7;17;5;
2420;2,6;15;3;
2421;2,9;16;5;
2422;2,1;19;5;
2423;2,4;19;5;
2424;2,4;19;3;
2425;3,2;19;5;
2426;1,5;17;5;
2427;2,8;21;5;
2428;2;17;5;
2429;1,6;18;2;
2430;4;16;2;
2431;0,7;17;5;
2432;2,5;21;5;
2433;3,1;15;5;
2434;3,2;16;4;
2435;2,4;16;4;
2436;2,7;17;2;
2437;2,8;18;5;
2438;2,8;18;3;
2439;2,1;19;5;
2440;1,3;18;5;
2441;2,5;19;4;
2442;2,9;17;3;
2443;1,5;16;5;
2444;3,3;18;5;
2445;2,2;22;4;
2446;2,2;16;5;
2447;3,5;17;5;
2448;1,9;19;5;
2449;2,3;16;5;
2450;2,6;17;2;
2451;4,8;20;5;
2452;2,4;19;5;
2453;2,8;22;5;
2454;3,2;22;5;
2455;3,3;18;5;
2456;3,6;15;5;
2457;3,1;19;4;
2458;1,8;17;5;
2459;0,5;18;4;
2460;3,6;18;3;
2461;2,2;20;5;
2462;2,8;15;4;
2463;2,9;16;5;
2464;1,8;20;5;
2465;3,2;17;5;
2466;2,3;21;5;
2467;0,6;17;5;
2468;2,5;17;4;
2469;1,7;23;2;
2470;2,9;18;5;
2471;3,2;20;4;
2472;3;21;5;
2473;3,7;21;5;
2474;3,6;18;1;
2475;3,2;18;5;
2476;4,2;17;5;
2477;3,9;17;5;
2478;3,5;19;3;
2479;2,2;18;5;
2480;2,3;16;5;
2481;3,4;16;2;
2482;2,1;17;3;
2483;1;20;5;
2484;4;18;5;
2485;2,9;16;2;
2486;4,4;18;5;
2487;3,8;18;2;
2488;1,5;17;4;
2489;3,3;15;5;
2490;1,7;15;5;
2491;1,9;17;4;
2492;2,6;21;4;
2493;2,8;19;5;
2494;2;16;5;
2495;3,8;20;4;
2496;4,2;21;5;
2497;1,7;20;4;
2498;1;21;3;
2499;3;16;4;
2500;0,7;21;3;
2501;2,8;17;3;
2502;1,4;19;5;
2503;4,9;15;5;
2504;1,7;21;3;
2505;0,2;17;1;
2506;2,3;16;5;
2507;2,8;17;4;
2508;2,8;17;5;
2509;4,3;20;5;
2510;1,8;18;2;
2511;3;17;4;
2512;2,2;16;5;
2513;1,9;21;4;
2514;3,1;18;5;
2515;2,8;17;3;
2516;3,3;16;4;
2517;2,2;20;4;
2518;1,3;18;3;
2519;3,4;18;3;
2520;3,8;21;3;
2521;2,9;23;5;
2522;1,7;15;4;
2523;1,9;16;5;
2524;0,9;20;5;
2525;2,5;17;5;
2526;1,8;16;5;
2527;2,3;18;4;
2528;3,3;17;5;
2529;2,2;20;3;
2530;3;21;3;
2531;2,6;19;3;
2532;3,3;17;4;
2533;1,6;19;5;
2534;2,1;22;1;
2535;1,4;20;3;
2536;3,5;16;3;
2537;0,8;17;5;
2538;2,9;17;5;
2539;2,9;17;5;
2540;2,4;21;3;
2541;2,3;17;2;
2542;0,4;16;2;
2543;3,1;17;5;
2544;1,8;16;3;
2545;3,4;16;4;
2546;2,9;16;3;
2547;1,5;19;4;
2548;4,4;22;4;
2549;2,5;19;3;
2550;2,4;20;4;
2551;2,5;17;5;
2552;1;20;2;
2553;1,2;17;3;
2554;2,9;19;4;
2555;3,7;19;5;
2556;1,6;18;5;
2557;1,9;21;5;
2558;1,9;15;5;
2559;0,4;19;5;
2560;3,3;17;3;
2561;2;19;5;
2562;2,6;20;5;
2563;2,6;16;3;
2564;1,4;17;5;
2565;2,4;20;1;
2566;2,9;20;2;
2567;2,6;19;5;
2568;4;19;2;
2569;3,6;17;5;
2570;2,3;16;1;
2571;4,1;19;5;
2572;4,8;19;4;
2573;3,3;17;5;
2574;3,2;17;5;
2575;1,2;19;5;
2576;3,9;20;2;
2577;0,7;19;5;
2578;1,5;17;3;
2579;2,8;16;5;
2580;2,9;18;5;
2581;2,2;18;5;
2582;0,8;17;4;
2583;1,2;24;2;
2584;2,3;17;3;
2585;0,2;18;5;
2586;2,1;18;3;
2587;3;18;5;
2588;2,3;16;4;
2589;2,5;24;5;
2590;2,1;18;4;
2591;3,1;21;5;
2592;3,6;18;4;
2593;1,7;18;3;
2594;2,2;15;3;
2595;2,9;16;5;
2596;3;16;5;
2597;3,1;19;3;
2598;1,6;18;5;
2599;2,5;18;5;
2600;2,3;19;4;
2601;2,1;19;5;
2602;3,6;17;4;
2603;2,2;17;4;
2604;3;17;4;
2605;4,6;18;4;
2606;1,5;20;5;
2607;2,9;19;5;
2608;1,5;18;2;
2609;1;22;4;
2610;2,5;20;5;
2611;1,7;18;5;
2612;0,8;18;5;
2613;1,7;20;5;
2614;0,8;18;3;
2615;3,6;17;5;
2616;1,6;16;2;
2617;2,2;16;2;
2618;3,7;19;5;
2619;0,9;18;3;
2620;2,6;24;5;
2621;1,9;17;5;
2622;2,9;20;5;
2623;2,6;20;4;
2624;1,2;19;5;
2625;4,3;17;5;
2626;0,5;15;5;
2627;1,9;17;3;
2628;3,2;20;4;
2629;1,8;18;4;
2630;2,3;18;5;
2631;3,378313088;20;5;
2632;4,4;17;5;
2633;3,8;15;1;
2634;2,7;20;4;
2635;2,6;17;3;
2636;0,9;19;4;
2637;2,5;18;5;
2638;3,3;21;5;
2639;3,8;17;5;
2640;1,7;17;4;
2641;2,6;16;4;
2642;1,3;18;5;
2643;2,9;15;2;
2644;2,5;21;5;
2645;3;21;5;
2646;2,4;21;5;
2647;3,5;18;4;
2648;1,5;18;4;
2649;5;23;5;
2650;3,3;18;5;
2651;2,5;19;5;
2652;2,1;21;5;
2653;2,7;17;4;
2654;2,8;17;4;
2655;2,7;16;5;
2656;3,2;19;1;
2657;1,8;16;2;
2658;2,8;19;4;
2659;1,7;16;3;
2660;3,4;16;5;
2661;2,5;19;4;
2662;3;15;5;
2663;3,7;19;5;
2664;1,8;20;3;
2665;3,4;21;1;
2666;0,5;21;5;
2667;2,6;21;5;
2668;3,2;16;4;
2669;2,3;15;1;
2670;1,1;17;3;
2671;2,2;18;5;
2672;2;22;5;
2673;2,3;18;4;
2674;2,1;17;5;
2675;0,9;18;5;
2676;0,8;20;3;
2677;3,1;17;5;
2678;3,7;17;5;
2679;3;17;4;
2680;3,8;16;5;
2681;1,2;18;4;
2682;2,8;18;2;
2683;2,5;19;4;
2684;1,7;18;5;
2685;1,7;16;5;
2686;4,4;16;5;
2687;3;18;4;
2688;1,9;17;4;
2689;0,8;17;4;
2690;1,1;21;5;
2691;1,6;18;5;
2692;1,9;20;2;
2693;2,5;17;5;
2694;3,8;23;5;
2695;2,4;20;5;
2696;3,4;18;5;
2697;4;21;5;
2698;3;18;1;
2699;1;19;1;
2700;2,3;17;5;
2701;1,4;21;5;
2702;2,2;18;4;
2703;3;17;4;
2704;1,8;19;5;
2705;2,1;18;5;
2706;2,8;21;5;
2707;1,5;16;2;
2708;1,9;18;3;
2709;1,3;18;5;
2710;2,2;16;4;
2711;2,2;18;1;
2712;2,4;15;5;
2713;4,4;16;5;
2714;2,5;16;1;
2715;1,5;17;5;
2716;2,7;16;5;
2717;3;17;5;
2718;2;18;4;
2719;2,7;17;4;
2720;1,9;17;5;
2721;2,8;19;4;
2722;2,7;16;5;
2723;0,5;18;5;
2724;1,3;18;5;
2725;3,5;18;2;
2726;2,7;20;2;
2727;2,8;17;4;
2728;2,6;18;5;
2729;1,6;17;5;
2730;4,5;18;5;
2731;2;17;5;
2732;3,701962505;19;3;
2733;2,7;18;3;
2734;1,4;18;3;
2735;3,8;18;5;
2736;2,5;18;5;
2737;1,9;18;5;
2738;0,8;19;2;
2739;2;19;5;
2740;1,4;17;2;
2741;3,3;18;5;
2742;2;20;5;
2743;3;16;5;
2744;2,6;18;5;
2745;4;27;5;
2746;3;17;5;
2747;1,2;19;3;
2748;3,4;21;5;
2749;1,7;17;4;
2750;2,3;17;5;
2751;2,1;16;4;
2752;2,5;17;5;
2753;1,9;16;3;
2754;2;16;4;
2755;4,1;19;3;
2756;1,6;19;1;
2757;3,6;17;3;
2758;1,3;20;5;
2759;2,9;18;1;
2760;1,4;15;3;
2761;2,1;16;4;
2762;3,4;24;5;
2763;1,8;18;3;
2764;3,7;21;2;
2765;3;16;3;
2766;3;18;3;
2767;2,3;17;5;
2768;1,9;20;5;
2769;1,2;17;4;
2770;2,9;18;3;
2771;2,7;21;5;
2772;2,5;19;5;
2773;0,8;16;3;
2774;3,3;15;5;
2775;2,2;20;3;
2776;2,1;23;5;
2777;3,6;18;4;
2778;3,3;17;5;
2779;3,5;17;4;
2780;2;16;4;
2781;3,5;18;5;
2782;3,4;20;5;
2783;3,5;16;5;
2784;4,4;19;3;
2785;1,9;22;4;
2786;1,7;16;4;
2787;1,4;17;2;
2788;4,6;20;5;
2789;3,2;19;5;
2790;3,2;18;4;
2791;2,2;19;4;
2792;3,5;16;3;
2793;2,7;17;5;
2794;2,9;19;5;
2795;1,7;17;5;
2796;0,8;17;5;
2797;3;18;5;
2798;1,4;21;4;
2799;0,2;18;5;
2800;2,7;16;5;
2801;2;18;5;
2802;2,8;15;4;
2803;3,1;19;5;
2804;3,6;22;5;
2805;2,3;16;5;
2806;2,5;15;1;
2807;4,4;16;5;
2808;3,5;21;4;
2809;0,9;20;5;
2810;3,1;18;3;
2811;1,9;18;5;
2812;3,6;19;1;
2813;2,1;20;5;
2814;2,9;22;4;
2815;1,9;19;5;
2816;4,383877141;21;5;
2817;2;17;4;
2818;2,9;19;4;
2819;2,3;16;5;
2820;2,5;17;1;
2821;2,3;21;5;
2822;3,3;19;5;
2823;2,6;19;5;
2824;3,3;17;5;
2825;3,8;18;4;
2826;2,8;17;5;
2827;2,2;20;5;
2828;1,7;15;2;
2829;3,1;18;5;
2830;2,5;18;4;
2831;3;17;5;
2832;2,1;18;3;
2833;1,8;19;5;
2834;3;19;2;
2835;3,6;16;5;
2836;2,6;17;4;
2837;3,6;20;2;
2838;3,4;20;5;
2839;3,7;21;4;
2840;2,2;16;5;
2841;3,6;19;5;
2842;1,5;18;5;
2843;3;18;5;
2844;1,9;17;4;
2845;3,8;18;5;
2846;3,6;17;5;
2847;1,3;16;2;
2848;2,6;17;5;
2849;0,5;18;4;
2850;1,3;18;5;
2851;1,5;18;4;
2852;4,2;21;2;
2853;1,8;19;5;
2854;1,9;17;4;
2855;2,1;16;4;
2856;2,6;22;3;
2857;2,3;18;5;
2858;1,6;18;2;
2859;2,8;17;5;
2860;2,1;17;1;
2861;1,3;16;5;
2862;1,6;16;5;
2863;2,9;22;1;
2864;2,6;22;5;
2865;1,9;18;5;
2866;2,3;15;5;
2867;2;23;4;
2868;0,6;17;3;
2869;2,1;17;5;
2870;2;16;5;
2871;2,5;20;5;
2872;2,2;15;5;
2873;1,2;21;5;
2874;2,7;18;3;
2875;2,2;16;2;
2876;1,2;18;4;
2877;2,7;18;5;
2878;0,5;18;5;
2879;0,6;16;4;
2880;2,7;17;4;
2881;1,6;20;5;
2882;2,1;19;4;
2883;3,5;20;5;
2884;3,1;19;5;
2885;3,7;16;4;
2886;2,5;16;4;
2887;3,1;19;5;
2888;2,2;16;2;
2889;4,1;19;5;
2890;2,6;17;4;
2891;3,1;17;5;
2892;3,1;20;5;
2893;3,9;17;5;
2894;2,3;19;5;
2895;2,8;16;2;
2896;4;18;4;
2897;2,8;16;4;
2898;2;16;5;
2899;2,8;20;5;
2900;2,9;17;2;
2901;2,7;20;5;
2902;2,5;17;4;
2903;2,4;16;4;
2904;4;16;2;
2905;4,3;16;5;
2906;1,4;17;3;
2907;3;16;3;
2908;1;15;2;
2909;4,2;17;5;
2910;1,8;16;4;
2911;2,4;18;5;
2912;3,1;20;5;
2913;1,9;18;4;
2914;3,2;18;5;
2915;3,7;18;5;
2916;4;18;5;
2917;2,3;23;4;
2918;3,6;18;3;
2919;2,9;20;4;
2920;1,8;16;5;
2921;2,8;19;4;
2922;2,9;20;5;
2923;2,1;20;5;
2924;1,5;19;3;
2925;0,7;20;5;
2926;3,1;15;5;
2927;2,1;16;4;
2928;1,9;21;5;
2929;1,7;17;5;
2930;2,5;19;5;
2931;2,8;16;2;
2932;1,8;17;5;
2933;1,9;16;5;
2934;2,8;17;4;
2935;0,7;18;4;
2936;2;19;5;
2937;2,3;17;5;
2938;1,8;20;5;
2939;3,5;17;3;
2940;2,2;16;4;
2941;0,7;21;4;
2942;0,9;18;5;
2943;1,8;15;4;
2944;1,8;19;5;
2945;2,9;20;5;
2946;3,1;18;5;
2947;0,6;20;2;
2948;1,5;17;5;
2949;1,8;18;5;
2950;2,7;15;5;
2951;1,5;17;5;
2952;2,4;19;5;
2953;1,4;18;5;
2954;2,5;18;5;
2955;1,5;17;2;
2956;3,4;18;1;
2957;2,5;19;5;
2958;2,6;17;3;
2959;3,5;17;5;
2960;3,5;15;3;
2961;1,9;18;4;
2962;2,4;16;4;
2963;1,3;18;5;
2964;2,3;21;5;
2965;3,3;16;4;
2966;2,8;17;4;
2967;3;18;2;
2968;2;19;5;
2969;2,8;17;4;
2970;1,8;19;4;
2971;2,6;18;5;
2972;2,7;19;5;
2973;4,1;23;4;
2974;2,2;18;5;
2975;2,1;20;5;
2976;0,9;19;5;
2977;3,8;15;5;
2978;1,9;15;4;
2979;2,9;18;4;
2980;1,5;19;2;
2981;1,1;18;4;
2982;2,6;18;4;
2983;3,1;17;4;
2984;2,1;17;5;
2985;3,4;17;4;
2986;1,9;17;5;
2987;0,7;17;5;
2988;4,2;18;1;
2989;0,4;17;4;
2990;3;22;4;
2991;2,3;17;2;
2992;1,9;17;3;
2993;1,8;20;3;
2994;3,6;17;5;
2995;4,2;19;5;
2996;2,4;17;4;
2997;3;17;5;
2998;1,3;20;4;
2999;1,6;17;4;
3000;3,6;18;5;
3001;1,9;16;5;
3002;1,9;15;2;
3003;0,6;16;5;
3004;1,6;16;4;
3005;3,1;19;5;
3006;4,1;18;5;
3007;2,1;16;4;
3008;1,9;16;3;
3009;1,7;15;2;
3010;2,8;16;4;
3011;3,4;18;4;
3012;1,2;17;2;
3013;1,2;16;2;
3014;2,4;18;3;
3015;3,9;15;5;
3016;2,4;18;5;
3017;3,4;19;3;
3018;3,8;22;5;
3019;2,4;18;1;
3020;1,9;17;5;
3021;2;18;5;
3022;2,3;16;5;
3023;2,6;15;4;
3024;2,4;15;4;
3025;0,5;16;4;
3026;0,9;18;4;
3027;3,2;20;4;
3028;2,2;16;5;
3029;2,5;18;3;
3030;3,6;16;5;
3031;2;23;3;
3032;2,2;21;5;
3033;2,4;17;5;
3034;2,4;18;3;
3035;1,8;18;5;
3036;1,4;16;5;
3037;2,692042059;20;4;
3038;4,2;15;4;
3039;4,7;15;5;
3040;1,8;17;4;
3041;2,1;17;5;
3042;2,7;19;4;
3043;1,9;21;5;
3044;2,3;16;5;
3045;2,5;16;4;
3046;2,6;15;5;
3047;2,1;18;5;
3048;3,1;18;2;
3049;3,9;18;3;
3050;2,7;16;5;
3051;3,7;18;3;
3052;2;18;5;
3053;2,4;21;4;
3054;1,6;18;5;
3055;4,1;18;5;
3056;2,8;18;4;
3057;0,6;20;5;
3058;2,2;16;5;
3059;2,7;19;2;
3060;1,2;17;4;
3061;3,7;19;3;
3062;2,5;18;5;
3063;2,6;21;5;
3064;1;19;5;
3065;2,6;19;5;
3066;1,6;17;4;
3067;0,9;19;4;
3068;3,7;19;5;
3069;1,5;21;1;
3070;2;17;4;
3071;4;21;4;
3072;3,3;16;3;
3073;2,2;20;5;
3074;2,7;15;5;
3075;3,4;15;5;
3076;3,3;21;4;
3077;1,2;16;3;
3078;3,4;15;1;
3079;1,4;20;2;
3080;3,9;17;5;
3081;1,7;18;3;
3082;2,6;19;5;
3083;2,1;17;5;
3084;4,4;16;3;
3085;2,4;15;5;
3086;2,4;19;4;
3087;2;18;4;
3088;1,4;18;2;
3089;3,5;17;5;
3090;3,3;18;5;
3091;1;18;5;
3092;4,9;15;3;
3093;3;19;5;
3094;3;17;5;
3095;3,5;17;4;
3096;1,1;18;5;
3097;1,5;15;3;
3098;1,8;18;4;
3099;0,6;19;3;
3100;3,4;16;4;
3101;3,7;19;4;
3102;2,8;18;4;
3103;1,1;17;5;
3104;2,5;19;5;
3105;1,7;15;2;
3106;3,6;17;5;
3107;4,6;17;2;
3108;2,3;19;5;
3109;1,3;19;5;
3110;2,8;17;5;
3111;1,2;18;2;
3112;2,5;18;3;
3113;2,6;19;5;
3114;2,816082998;21;5;
3115;3,8;20;4;
3116;3,8;17;5;
3117;2,5;16;1;
3118;0,4;20;5;
3119;2,5;16;3;
3120;1,3;17;4;
3121;1,5;18;4;
3122;2,9;18;4;
3123;0,9;15;3;
3124;1,5;17;5;
3125;2,3;17;5;
3126;2,6;19;5;
3127;3,1;23;4;
3128;3,5;17;5;
3129;1,7;17;4;
3130;1,3;17;3;
3131;2,9;20;5;
3132;3,5;15;5;
3133;3;21;4;
3134;1,5;18;4;
3135;3,1;20;3;
3136;4;19;3;
3137;3;16;5;
3138;2,5;23;4;
3139;2,4;20;4;
3140;3,2;19;5;
3141;0,8;22;5;
3142;1,6;18;3;
3143;1,7;17;3;
3144;3,2;19;5;
3145;1,4;19;5;
3146;4,5;18;5;
3147;1,8;15;4;
3148;3,6;19;5;
3149;3,9;17;5;
3150;1,7;17;4;
3151;0,9;15;3;
3152;4;16;4;
3153;3,1;17;4;
3154;3,5;18;5;
3155;1,8;17;5;
3156;3,3;16;5;
3157;4;16;5;
3158;2,1;18;4;
3159;4;17;3;
3160;2,6;21;1;
3161;1,8;16;5;
3162;3,9;19;5;
3163;2,8;15;3;
3164;3;16;4;
3165;3,7;16;4;
3166;1,6;19;4;
3167;4,4;16;5;
3168;1,4;17;5;
3169;2,9;15;5;
3170;2,3;20;5;
3171;3;18;4;
3172;3,1;17;5;
3173;4,2;17;4;
3174;1,5;16;5;
3175;2,6;17;5;
3176;1,5;17;4;
3177;1,5;18;4;
3178;0,6;16;4;
3179;2;20;5;
3180;2,4;21;5;
3181;4,1;22;5;
3182;3,5;22;5;
3183;2,6;16;5;
3184;2;17;3;
3185;3,4;15;2;
3186;3,6;20;5;
3187;4,4;17;5;
3188;4,3;18;4;
3189;1,8;19;5;
3190;2;16;5;
3191;2,2;17;5;
3192;2,5;16;4;
3193;2,2;21;5;
3194;2;15;1;
3195;2,5;18;5;
3196;3,2;17;5;
3197;2,2;19;4;
3198;3,3;19;4;
3199;3,8;20;5;
3200;1,7;16;5;
3201;3,2;17;5;
3202;2;16;4;
3203;2,3;20;5;
3204;3,5;18;5;
3205;2,4;15;2;
3206;1,6;15;4;
3207;2,8;16;3;
3208;4,6;17;5;
3209;2,9;18;4;
3210;2,6;21;3;
3211;2,3;16;5;
3212;2;19;5;
3213;2,5;18;3;
3214;4;18;4;
3215;1,6;23;4;
3216;1,6;19;5;
3217;2;18;5;
3218;1,3;21;5;
3219;2;18;4;
3220;3;15;5;
3221;2;21;5;
3222;2,2;20;5;
3223;1,9;24;4;
3224;4;19;4;
3225;2,5;19;2;
3226;2,1;18;5;
3227;1,4;15;5;
3228;2,2;21;5;
3229;2,4;18;4;
3230;3,2;18;5;
3231;2,9;18;4;
3232;2,9;20;5;
3233;1,7;21;4;
3234;4,6;18;4;
3235;2,2;19;5;
3236;2,5;20;4;
3237;1,6;20;5;
3238;1,7;17;5;
3239;2,3;19;5;
3240;2,9;16;5;
3241;3,4;17;4;
3242;1,8;15;5;
3243;2,6;18;5;
3244;2,7;16;5;
3245;2;20;4;
3246;4,8;19;4;
3247;3,3;23;5;
3248;3,2;17;1;
3249;1,2;19;5;
3250;2,3;16;5;
3251;2,8;18;2;
3252;2,9;19;5;
3253;1,7;17;5;
3254;2,3;20;5;
3255;4,5;16;3;
3256;2,7;18;1;
3257;3,3;18;4;
3258;2,1;18;5;
3259;2,3;19;4;
3260;3,2;17;5;
3261;1,8;17;4;
3262;2,7;18;5;
3263;2;18;4;
3264;1,2;19;5;
3265;2;18;4;
3266;1,5;17;5;
3267;1,8;16;5;
3268;1,8;20;5;
3269;2,6;20;3;
3270;2,2;15;4;
3271;1,8;16;3;
3272;1,8;18;2;
3273;2,8;16;4;
3274;1,7;21;3;
3275;3,7;19;5;
3276;1,5;24;5;
3277;2,4;19;2;
3278;2,3;20;4;
3279;2,1;19;3;
3280;3;20;3;
3281;2,5;16;5;
3282;1,4;18;5;
3283;2,7;18;4;
3284;1;17;5;
3285;3,3;18;4;
3286;3,4;16;5;
3287;2,8;18;4;
3288;3;19;5;
3289;2,5;20;5;
3290;3,1;26;4;
3291;3;16;1;
3292;2,1;15;3;
3293;4,7;16;5;
3294;3,5;18;5;
3295;2,2;17;5;
3296;2,5;17;3;
3297;2,4;22;3;
3298;2,3;18;4;
3299;2,4;15;5;
3300;2,9;18;4;
3301;4,5;17;4;
3302;2,9;17;5;
3303;2,9;20;5;
3304;1,2;18;4;
3305;2,6;19;5;
3306;3,4;19;2;
3307;1,8;19;5;
3308;1;17;2;
3309;2,7;17;3;
3310;3,127432059;18;5;
3311;2,4;19;5;
3312;3,3;18;4;
3313;2;15;5;
3314;2,7;17;4;
3315;2,5;21;5;
3316;0,7;19;4;
3317;1,6;16;4;
3318;1,5;22;2;
3319;2,8;21;5;
3320;3,2;17;5;
3321;3,9;15;5;
3322;2,7;16;5;
3323;2,7;16;5;
3324;4,4;18;2;
3325;2,1;18;4;
3326;3,7;18;2;
3327;2,9;19;5;
3328;2,4;22;4;
3329;2;16;2;
3330;1,2;15;5;
3331;1,3;16;4;
3332;3,1;19;5;
3333;0;16;5;
3334;1,8;16;4;
3335;2,5;18;5;
3336;2,3;20;5;
3337;2,6;18;5;
3338;3,1;17;4;
3339;3,4;15;5;
3340;3,3;18;4;
3341;2,1;19;5;
3342;1,2;20;4;
3343;2,8;21;5;
3344;1,5;17;5;
3345;4;17;4;
3346;3,3;22;4;
3347;2,8;17;4;
3348;2;18;3;
3349;1,8;20;5;
3350;1;16;5;
3351;0,1;20;5;
3352;0,5;17;5;
3353;2;15;2;
3354;3,2;22;5;
3355;3;15;5;
3356;2,1;18;4;
3357;3,4;17;5;
3358;0,6;19;5;
3359;2,4;16;5;
3360;1,5;18;4;
3361;2,3;16;4;
3362;1,7;19;5;
3363;1,1;19;5;
3364;0,9;18;3;
3365;2,1;20;5;
3366;1,7;18;5;
3367;2,5;18;5;
3368;2,2;17;5;
3369;3,3;17;3;
3370;3,5;18;5;
3371;3;17;5;
3372;0,8;17;5;
3373;2,1;18;4;
3374;2,2;18;5;
3375;1;15;5;
3376;2,7;22;2;
3377;3,7;17;5;
3378;3,1;18;5;
3379;2,1;19;5;
3380;2;17;5;
3381;3,6;16;5;
3382;3,5;22;1;
3383;2,3;16;5;
3384;2,8;18;1;
3385;1,7;16;4;
3386;2,8;16;4;
3387;2;18;3;
3388;1,6;18;5;
3389;3,146615512;16;1;
3390;2,5;19;4;
3391;3;17;5;
3392;2,5;22;5;
3393;1,7;17;4;
3394;3,7;16;4;
3395;1,4;19;5;
3396;2,2;21;4;
3397;0,4;17;4;
3398;3,7;20;5;
3399;2,3;18;5;
3400;2,4;17;5;
3401;2,1;17;5;
3402;3,4;19;2;
3403;0,7;17;5;
3404;2;19;5;
3405;1,4;17;2;
3406;2,3;20;5;
3407;1,5;19;5;
3408;2,9;16;3;
3409;2,7;19;5;
3410;1,3;20;5;
3411;2,9;20;5;
3412;1,7;19;4;
3413;1,7;19;5;
3414;3;19;5;
3415;1,6;18;3;
3416;1,8;16;5;
3417;1,9;20;5;
3418;2,7;19;5;
3419;3,4;16;4;
3420;2;16;5;
3421;3,6;15;5;
3422;4,3;16;4;
3423;3;25;5;
3424;4,1;15;3;
3425;2,4;17;5;
3426;1,9;21;5;
3427;1,9;16;4;
3428;2;17;3;
3429;1,8;16;5;
3430;1,4;18;1;
3431;2,6;18;5;
3432;2;18;3;
3433;2,7;17;5;
3434;1,3;17;4;
3435;1,2;17;5;
3436;2,2;20;3;
3437;1,9;18;4;
3438;0,2;15;4;
3439;4,7;18;5;
3440;0,5;17;5;
3441;2,5;20;4;
3442;3,3;19;5;
3443;1,5;19;4;
3444;2,1;17;2;
3445;2,6;20;5;
3446;1,7;15;3;
3447;1,8;17;5;
3448;3,6;18;5;
3449;3;17;4;
3450;1,5;17;5;
3451;2,5;19;5;
3452;3,2;18;4;
3453;3,6;17;4;
3454;2,3;16;5;
3455;1,6;15;5;
3456;0,6;18;5;
3457;1,8;20;3;
3458;2,5;18;2;
3459;1,5;21;5;
3460;2,6;19;5;
3461;3;23;4;
3462;2,9;21;4;
3463;2,8;15;5;
3464;2,5;17;4;
3465;1,7;17;4;
3466;3,4;18;5;
3467;2,3;15;4;
3468;3,9;15;5;
3469;4,3;18;3;
3470;1,8;15;2;
3471;1,8;19;2;
3472;3,5;17;1;
3473;1,5;18;5;
3474;2,2;21;5;
3475;3,7;18;4;
3476;1,6;17;5;
3477;2,2;16;5;
3478;3,6;18;3;
3479;2,8;19;1;
3480;2,5;15;5;
3481;1,7;20;4;
3482;2,9;16;5;
3483;2,9;22;4;
3484;4,2;16;5;
3485;1,7;18;5;
3486;2,3;17;3;
3487;1,4;19;5;
3488;2,4;20;5;
3489;2,2;18;4;
3490;1,6;20;5;
3491;1,9;21;5;
3492;3,7;21;5;
3493;4;18;3;
3494;2;17;4;
3495;0,7;17;5;
3496;3,7;20;4;
3497;1,5;16;4;
3498;0,7;20;5;
3499;3,2;16;5;
3500;0,3;18;5;